SetupID,ProjectID,PatientType,PatientID,PatientUID,RegistrationDate,FirstName,MiddleName,LastName,FirstNameN,MiddleNameN,LastNameN,PatientCategory,MainAccountID,RelationshipID,Gender,DateofBirth,DateofBirthN,NationalityID,FirstVisit,LastVisit,NoOfVisit,PhoneResi,PhoneOffice,MobileNumber,FaxNumber,EmailAddress,InfoSourceID,IsPregnant,BloodGroup,RHFactor,NoofCardPrinted,CardPrintedBy,CardPrintedOn,IsEmailAlertRequired,IsSMSAlertRequired,PreferredLanguage,IsPrivilegedMember,MemberID,ExpiryDate,IsHmgEmployee,EmployeeId,IsFileTransferRequired,IsInfoEditingRequired,InfoEditedBy,InfoEditedOn,RegisteredClinic,RegisteredDoctor,EmergencyContactName,EmergencyContactNo,PatientPayType,DHCCPatientRefID,IsPatientDummy,IsPatientInEmergency,Status,CreatedBy,CreatedOn,EditedBy,EditedOn,IsStatusCleared,Remarks,RowVer,PatientIdentificationType,PatientIdentificationNo,RegProjectID,NoShowCount,IsTransferred,ModificationCount,ERPInterfaceID,ReceiveHealthSummaryReport,IsPatientHasMobileDeviceToken,BestCallTime,NeedsTranslator,PatientIDExpiryDate,IsKnown,IsMedicalLegalCase,IsExcludeNoShowLimit,DisabledSmsremarks,CRSClientIdentifierID,CRSVerificationStatus,CRSVerifiedBy,IsAsnani,AsnaniNumber,AsnaniAuthroizedBy,AsnaniAuthorizedOn,IsNewBorn,MotherPatientId,AccountIDModifiedBy,AccountIDModifiedOn,ConfidentialityId,ConfidentialityOptOutFlag,ConfidentialityAuthorizedBy,CRSVersion,Religion,MobileNoModifiedBy,MobileNoModifiedOn,SetupID,ProjectID,PatientType,PatientID,LineItemNo,TransactionType,TransactionNo,WeightKg,HeightCm,BodyMassIndex,HeadCircumCm,LeanBodyWeightLbs,IdealBodyWeightLbs,TemperatureCelcius,TemperatureCelciusMethod,PulseBeatPerMinute,PulseRhythm,RespirationBeatPerMinute,RespirationPattern,BloodPressureLower,BloodPressureHigher,BloodPressureCuffLocation,BloodPressureCuffSize,BloodPressurePatientPosition,SAO2,FIO2,PainScore,PainLocation,PainDuration,PainCharacter,PainFrequency,IsPainManagementDone,Status,IsVitalsRequired,TriageCategory,GCScore,CreatedBy,CreatedOn,EditedBy,EditedOn,RowVer,ObservedOn,Consciousness,SkinColor,OxygenTherapy,TypeofOxygenTherapy,OxygenFlow,UrineOP,LevelOfConsciousness,HEWSScore,RequiredAction,ActionTaken,BFR,TMP,UFR,TUF,AP,VP,SPO2,VitalSignType,Remarks,SetupID,ProjectID,AppointmentNo,AppointmentDate,AppointmentDateN,AppointmentType,BookDate,PatientType,PatientID,ClinicID,DoctorID,EndDate,StartTime,EndTime,Status,VisitType,VisitFor,PatientStatusType,ActualVisitStartTime,ActualVisitEndTime,IsReminderActivated,ReminderDisplayInterval,ReminderDisplayIntervalUnit,MainAppointmentNo,Notes,CompanyID,DHCCPatApptRef,BookedBy,BookedOn,ConfirmedBy,ConfirmedOn,ArrivalChangedBy,ArrivedOn,RescheduledBy,RescheduledOn,MRStatus,MRSentBy,MRSentOn,MRReceiptBy,MRReceiptOn,IsDocumentScanned,DocumentScanDateTime,DocumentScannedUser,EditedBy,EditedOn,IsRecordedByNurse,IsCheckedByDoctor,IsVisitClosed,IsRecurring,RowVer,isPersonallyConfirmed,ConfirmationBy,relationId,AuditDateTime,DelayMessageSent,EncounterType,StartType,EndType,QueueNumber,NurseCalledCount,NurseCallTime,IsChangedQueueAsWalkinFromRegular,IsOnlineCheckIn,VideoCallSession,VideoCallStartDateTime,VideoCallEndDateTime,DoctorCalledCount,DoctorLastCallTime,PatientCallingRemarks,IsVirtual,OnlineCheckinSource,OnlineCheckinRemarks,APTQueueNo,LiveCareStatus,NSC_QueueNo,IsOnlineTamaraPYMT,IsOnlineTamaraPYMTUsed,ChannelID,PatientFeedback,PatientFeedbackBy,PatientFeedBackOn,IsKidsArrival,IVR_Status,IVR_StatusOn,EligiblityReferenceNo,IsPaymentLinkSend,PaymentLinkSendOn,IVR_Campaign_Status,IVR_Campaign_UpdatedOn,ReferralSourceID,IsProcedurePackage,IsConfirmSMSSent,IsCorrectAppointment,HeadNurseComments,CallCenterComments,OperationsMangerComments,ApprovalOfficeComments,IsDentalApprovalCreated,FirstConfirmationWhatsapp,FirstConfirmationWhatsappDateTime,SetupID,ProjectID,TransactionRefType,TransactionRefNo,LineItemNo,ActualOrderDate,ActualOrderTime,PatientType,PatientID,OrderNotes,NursingNotes,Status,CreatedBy,CreatedOn,EditedBy,EditedOn,CarriedOutBy,CarriedOutOn,RowVer
010266,17,1,2677554,,2017-10-30 00:00:00,.,.,.,.,.,.,4,2677554,0,1,1963-10-30 00:00:00.000,13/06/1383,SAU,2017-10-30 09:42:00,2019-08-01 13:05:00,189,0555333541,0555333541,0555333541,,unknown@unknown.com,1,0,4,1,0,0,2017-10-30 09:42:00,0,1,2,0,,2017-10-30 09:42:00,0,0,0,0,0,2017-10-30 09:42:00,11,152141,AHMAD,0543334375,2,,0,1,2,123290,2017-10-30 09:42:00,123016,2019-07-04 17:28:00.000,0,,0x00000000C17A0438,1,1031390808,17,0,0,0,0,0,1,NULL,NULL,NULL,NULL,NULL,NULL,NULL,NULL,NULL,NULL,NULL,NULL,NULL,NULL,NULL,NULL,NULL,NULL,NULL,NULL,NULL,NULL,NULL,NULL,NULL,010266,17,1,2677554,13,1,14270121,103,176,0,0,0,0,0,0,85,2,18,3,103,187,1,3,3,98,0,0,,,,,0,47,1,0,0,134043,2018-05-16 14:09:00,134043,2018-05-16 14:09:00,0x000000008CF3E620,NULL,NULL,NULL,NULL,NULL,NULL,NULL,NULL,NULL,NULL,NULL,NULL,NULL,NULL,NULL,NULL,NULL,NULL,NULL,NULL,010266,17,17107657,2019-08-04 00:00:00,03/12/1440,1,2019-08-03 00:00:00,1,2677554,50,149425,2019-08-04 00:00:00,13:00:00,13:15:00,2,3,10,42,NULL,NULL,0,NULL,NULL,NULL,NULL,19518,NULL,200768,2019-08-03 19:36:00,200768,2019-08-03 19:36:00,NULL,NULL,NULL,NULL,NULL,NULL,NULL,NULL,NULL,0,NULL,NULL,200768,2019-08-03 19:36:00,0,0,0,0,0x00000000BA79E881,NULL,NULL,NULL,2019-08-03 19:35:45.393,NULL,NULL,NULL,NULL,NULL,NULL,NULL,NULL,NULL,NULL,NULL,NULL,NULL,NULL,NULL,NULL,NULL,NULL,NULL,NULL,NULL,NULL,NULL,NULL,NULL,NULL,NULL,NULL,NULL,NULL,NULL,NULL,NULL,NULL,NULL,NULL,NULL,NULL,NULL,NULL,NULL,NULL,NULL,NULL,0,NULL,010266,17,8,10903,1,2019-08-01,15:,1,2677554,"time: 4 hours, ultrafiltration according to weight gain,  heparin: 3500 units IV bolus","1250H -Hemodialysis started after patient re-identification -Gross Ultrafiltration: 4L as tolerated -Time Set: 4  hours duration -Anticoagulant: hibor 3500 units given via arterial port; independent double check done by RN  Hind ",2,140407,2019-08-01 15:00:00,NULL,NULL,155121,2019-08-01 16:27:00,0x00000000BA4D4537
010266,15,2,1910035,,2017-10-19 00:00:00,.,.,.,.,.,.,1,1910035,0,1,1989-10-19 17:04:00.000,"19/3/1410 ",SAU,NULL,NULL,NULL,NULL,NULL,0555333541,0,unknown@unknown.com,5,0,NULL,NULL,0,NULL,NULL,0,0,2,0,NULL,NULL,0,0,0,0,0,NULL,NULL,NULL,NULL,NULL,0,NULL,0,0,2,159173,2017-10-19 17:05:00,159173,2017-10-19 17:05:00.000,0,NULL,0x00000000C59717D4,NULL,NULL,0,NULL,1,0,NULL,NULL,NULL,NULL,NULL,NULL,NULL,NULL,NULL,NULL,NULL,NULL,NULL,NULL,NULL,NULL,NULL,NULL,NULL,NULL,NULL,NULL,NULL,NULL,NULL,NULL,NULL,NULL,010266,17,1,1910035,84,1,15322014,37,143,0,0,0,0,36,4,93,2,21,3,74,151,1,3,1,0,0,2,,,,,0,47,1,0,0,157904,2018-11-04 20:08:00,157904,2018-11-04 20:08:00,0x00000000A9310E8D,NULL,NULL,NULL,NULL,NULL,NULL,NULL,NULL,NULL,NULL,NULL,NULL,NULL,NULL,NULL,NULL,NULL,NULL,NULL,NULL,010266,17,17098895,2019-08-03 00:00:00,02/12/1440,1,2019-08-01 00:00:00,1,1910035,50,149425,2019-08-03 00:00:00,08:45:00,09:00:00,2,3,10,43,NULL,NULL,0,NULL,NULL,NULL,NULL,26443,NULL,158039,2019-08-01 18:39:00,158039,2019-08-01 18:39:00,129998,2019-08-03 08:11:00,NULL,NULL,NULL,NULL,NULL,NULL,NULL,1,2019-08-03 19:32:00,155121,158039,2019-08-01 18:39:00,0,0,0,0,0x00000000BA79D721,NULL,NULL,NULL,2019-08-01 18:39:10.583,NULL,NULL,NULL,NULL,NULL,NULL,NULL,NULL,NULL,NULL,NULL,NULL,NULL,NULL,NULL,NULL,NULL,NULL,NULL,NULL,NULL,NULL,NULL,NULL,NULL,NULL,NULL,NULL,NULL,NULL,NULL,NULL,NULL,NULL,NULL,NULL,NULL,NULL,NULL,NULL,NULL,NULL,NULL,NULL,0,NULL,010266,17,8,10912,1,2019-08-03,11:30,1,1910035,"hemodialysis: 4 hours, ultrafiltration  as tolerated , heparin 2500 units IV bolus "," 0830 H: * Hemodialysis started after patient re identification with UF set to 3.7 L ( UF net:3.4 L +300 ml backwash) for 4 hours . * Hiboor 2500 unit given IV bolus after independent double check by RN Kristy and patient re identification.",2,170710,2019-08-03 11:30:00,NULL,NULL,154241,2019-08-03 13:04:00,0x00000000BA73F760
010266,17,1,2573089,,2017-05-14 00:00:00,.,.,.,.,.,.,3,2573089,0,1,1985-05-13 00:00:00.000,23/08/1405,SAU,2017-05-14 18:01:00,2019-05-07 20:48:00,8,0555333541,0555333541,0555333541,,unknown@unknown.com,9,0,," ",0,0,2017-05-14 18:01:00,0,1,2,0,,2017-05-14 18:01:00,0,0,0,0,0,2017-05-14 18:01:00,17,103127,FAHAD,0561301110,0,,0,1,2,125222,2017-05-14 17:59:00,195307,2019-05-07 21:05:00.000,0,,0x00000000C1786A8D,1,1052946454,12,0,0,0,0,0,1,NULL,NULL,NULL,NULL,NULL,NULL,NULL,NULL,NULL,NULL,NULL,NULL,NULL,NULL,NULL,NULL,NULL,NULL,NULL,NULL,NULL,NULL,NULL,NULL,NULL,010266,17,1,2573089,6,1,14029474,74,178,23.36,0,59,73,36,4,83,1,18,0,93,208,1,1,3,99,0,NULL,NULL,NULL,NULL,NULL,0,47,1,0,NULL,148509,2018-04-11 09:47:00,148509,2018-04-11 09:47:00,0x000000008AEE07E0,NULL,NULL,NULL,NULL,NULL,NULL,NULL,NULL,NULL,NULL,NULL,NULL,NULL,NULL,NULL,NULL,NULL,NULL,NULL,NULL,010266,17,16592340,2019-10-15 00:00:00,16/02/1441,1,2019-05-07 00:00:00,1,2573089,17,218175,2019-10-15 00:00:00,14:00:00,15:00:00,2,5,17,NULL,NULL,NULL,0,NULL,NULL,NULL,NULL,12020,NULL,186782,2019-05-07 23:09:00,NULL,NULL,NULL,NULL,NULL,NULL,NULL,NULL,NULL,NULL,NULL,0,NULL,NULL,186782,2019-05-07 23:09:00,0,0,0,0,0x00000000B4E94084,NULL,NULL,NULL,2019-05-07 23:08:50.553,NULL,NULL,NULL,NULL,NULL,NULL,NULL,NULL,NULL,NULL,NULL,NULL,NULL,NULL,NULL,NULL,NULL,NULL,NULL,NULL,NULL,NULL,NULL,NULL,NULL,NULL,NULL,NULL,NULL,NULL,NULL,NULL,NULL,NULL,NULL,NULL,NULL,NULL,NULL,NULL,NULL,NULL,NULL,NULL,0,NULL,010266,17,8,5477,1,2018-07-24,11:55,1,2573089,"hemodialysis session 4 hrs, net UF 4L, K 2, heparin 1000 un",0930H - Hemodialysis treatment started after patient re- identification with Ultrafiltration goal set to 4 L  for 4 hours duration with loading dose of Heparin 1000 international unit given after patient re identification and independent double checking with RN Marny.,2,100159,2018-07-24 11:55:00,NULL,NULL,160064,2018-07-24 13:57:00,0x00000000905A79A5
010266,17,1,2420011,,2016-10-13 00:00:00,.,.,.,.,.,.,4,2420011,0,1,1954-10-13 00:00:00.000,16/02/1374,YEM,2016-10-13 16:48:00,2019-08-03 07:33:00,302,0555333541,0555333541,0555333541,,unknown@unknown.com,5,0,2,1,0,0,2016-10-13 16:48:00,0,1,2,0,,2016-10-13 16:48:00,0,0,0,0,0,2016-10-13 16:48:00,17,139949,ABDULLAH,0503151048,0,,0,1,2,151736,2016-10-13 16:47:00,123016,2019-07-01 13:18:00.000,0,,0x00000000C176123F,2,2055224089,12,0,0,0,0,0,0,NULL,NULL,NULL,NULL,NULL,NULL,NULL,NULL,NULL,NULL,NULL,NULL,NULL,NULL,NULL,NULL,NULL,NULL,NULL,NULL,NULL,NULL,NULL,NULL,NULL,010266,17,1,2420011,30,1,12722746,55,175,0,0,0,0,37.8,4,84,2,24,3,79,138,1,3,3,98,0,0,,,,,0,47,1,0,0,156448,2017-10-01 23:39:00,156448,2017-10-01 23:39:00,0x000000007D759AC2,NULL,NULL,NULL,NULL,NULL,NULL,NULL,NULL,NULL,NULL,NULL,NULL,NULL,NULL,NULL,NULL,NULL,NULL,NULL,NULL,010266,17,17110601,2019-08-05 00:00:00,04/12/1440,1,2019-08-04 00:00:00,1,2420011,50,149425,2019-08-05 00:00:00,08:45:00,09:00:00,2,3,10,42,NULL,NULL,0,NULL,NULL,NULL,NULL,0,NULL,129998,2019-08-04 12:04:00,129998,2019-08-04 12:06:00,NULL,NULL,NULL,NULL,NULL,NULL,NULL,NULL,NULL,0,NULL,NULL,129998,2019-08-04 12:04:00,0,0,0,0,0x00000000BA831BB6,NULL,NULL,NULL,2019-08-04 12:03:42.970,NULL,NULL,NULL,NULL,NULL,NULL,NULL,NULL,NULL,NULL,NULL,NULL,NULL,NULL,NULL,NULL,NULL,NULL,NULL,NULL,NULL,NULL,NULL,NULL,NULL,NULL,NULL,NULL,NULL,NULL,NULL,NULL,NULL,NULL,NULL,NULL,NULL,NULL,NULL,NULL,NULL,NULL,NULL,NULL,0,NULL,010266,17,8,10915,1,2019-08-03,11:23,1,2420011,"time: 4 hours, Ultrafiltration according to weight gain, heparin 1000 units IV bolus","0800H - Hemodialysis treatment started  after patient re- identification with Ultrafiltration goal set to 3 Liters gross as tolerated for 4  hours duration as per Droctor's order.. - No episodes of bleeding as patient verbalized, Heparin 1000iu given after patient identification and independent double checked by RN Kristy.",2,170710,2019-08-03 11:23:00,NULL,NULL,190924,2019-08-03 11:55:00,0x00000000BA731C31
010266,17,1,2339688,,2016-06-13 00:00:00,.,.,.,.,.,.,3,2339688,0,2,1987-06-11 00:00:00.000,15/10/1407,SAU,2016-06-13 22:19:00,2019-06-27 10:55:00,397,0555333541,0555333541,0555333541,0568050026,unknown@unknown.com,5,0,," ",0,0,2016-06-13 22:19:00,1,1,2,0,,2016-06-13 22:19:00,0,0,0,0,0,2016-06-13 22:19:00,14,140338,TURKI - 0566282670,,2,,0,1,2,126121,2016-06-13 22:19:00,123016,2019-07-01 12:29:00.000,0,,0x00000000C174D741,1,1035189073,12,0,0,0,0,1,1,NULL,NULL,NULL,NULL,NULL,NULL,NULL,NULL,NULL,NULL,NULL,NULL,NULL,NULL,NULL,NULL,NULL,NULL,NULL,NULL,NULL,NULL,NULL,NULL,NULL,010266,17,1,2339688,35,1,11453009,69,169,0,0,0,0,37,4,64,1,21,3,83,176,1,1,1,100,0,2,chest,today,aching,continuous,1,47,1,0,0,122030,2017-02-28 12:33:00,122030,2017-02-28 12:33:00,0x000000006BBF48F0,NULL,NULL,NULL,NULL,NULL,NULL,NULL,NULL,NULL,NULL,NULL,NULL,NULL,NULL,NULL,NULL,NULL,NULL,NULL,NULL,010266,17,16841540,2019-07-03 00:00:00,30/10/1440,1,2019-06-22 00:00:00,1,2339688,27,203170,2019-07-03 00:00:00,18:00:00,18:15:00,4,1,10,NULL,NULL,NULL,0,NULL,NULL,NULL,NULL,220,NULL,129058,2019-06-22 18:25:00,NULL,NULL,NULL,NULL,NULL,NULL,NULL,NULL,NULL,NULL,NULL,0,NULL,NULL,102,2019-06-26 18:01:00,0,0,0,0,0x00000000B81CC950,NULL,NULL,NULL,2019-06-22 18:24:51.490,NULL,NULL,NULL,NULL,NULL,NULL,NULL,NULL,NULL,NULL,NULL,NULL,NULL,NULL,NULL,NULL,NULL,NULL,NULL,NULL,NULL,NULL,NULL,NULL,NULL,NULL,NULL,NULL,NULL,NULL,NULL,NULL,NULL,NULL,NULL,NULL,NULL,NULL,NULL,NULL,NULL,NULL,NULL,NULL,0,NULL,010266,17,8,10322,1,2019-06-27,12:34,1,2339688,"hemodialysis session: 3:30 hours, ultrafilteration according to weight gain, K: 2, heparin 2500units IV bolus","1135H * Hemodialysis treatment started after patient re identification. Parameters set to the machine. * Hibor 2500 units given IV bolus thru venous port after patient re identification and independent double checked by RN Kristy ",2,140407,2019-06-27 12:34:00,NULL,NULL,144502,2019-06-27 15:40:00,0x00000000B828EE98
010266,17,1,2116903,,2015-08-24 00:00:00,.,.,.,.,.,.,4,2116903,0,1,1960-11-20 17:33:00.000,02/06/1380,SAU,2015-08-24 14:12:00,2018-02-12 20:01:00,40,0555333541,0555333541,0555333541,,unknown@unknown.com,5,0,4,2,0,0,2015-08-24 14:12:00,0,1,2,0,,2015-08-24 14:12:00,0,0,0,0,0,2015-08-24 14:12:00,14,11270,WAIF,0548444121,0,,0,1,2,121270,2015-08-24 14:12:00,205137,2019-04-12 12:54:00.000,0,,0x00000000C1716DB6,1,1050243243,16,0,0,0,0,0,1,NULL,NULL,NULL,NULL,NULL,NULL,NULL,NULL,NULL,NULL,NULL,NULL,NULL,NULL,NULL,NULL,NULL,NULL,NULL,NULL,NULL,NULL,NULL,NULL,NULL,010266,17,1,2116903,1,1,23628,110,170,38.06,0,67,66,36,4,65,2,22,3,96,186,1,1,3,98,21,NULL,NULL,NULL,NULL,NULL,0,47,1,0,NULL,131000,2016-10-30 00:21:00,131000,2016-10-30 00:21:00,0x00000000605FF9D4,NULL,NULL,NULL,NULL,NULL,NULL,NULL,NULL,NULL,NULL,NULL,NULL,NULL,NULL,NULL,NULL,NULL,NULL,NULL,NULL,010266,17,16435597,2019-04-14 00:00:00,09/08/1440,1,2019-04-14 00:00:00,1,2116903,6,152542,2019-04-14 00:00:00,21:30:00,21:45:00,2,1,10,43,NULL,NULL,0,NULL,NULL,NULL,NULL,15290,NULL,121219,2019-04-14 20:00:00,188063,2019-04-14 21:12:00,188063,2019-04-14 21:30:00,NULL,NULL,NULL,NULL,NULL,NULL,NULL,0,NULL,NULL,9999,2019-05-13 12:28:00,1,0,1,0,0x00000000B587F8D0,NULL,NULL,NULL,2019-04-14 19:59:50.293,NULL,NULL,NULL,NULL,NULL,NULL,NULL,NULL,NULL,NULL,NULL,NULL,NULL,NULL,NULL,NULL,NULL,NULL,NULL,NULL,NULL,NULL,NULL,NULL,NULL,NULL,NULL,NULL,NULL,NULL,NULL,NULL,NULL,NULL,NULL,NULL,NULL,NULL,NULL,NULL,NULL,NULL,NULL,NULL,0,NULL,010266,17,8,1403,1,2017-06-06,16:19,1,2116903,dialysis order: duration: 4 hours Ultrafiltration: 4 L total as tolerated K: 2 Bicarb: 3 Na: 14.0 Dialyzer: 18 Heparin: 1000 units IV bolus,1238H -Hemodialysis treatment started after patient re- identification with Ultrafiltration Total of goal set to 4.0 Liters  included backwash and Intake for 4  hours - Heparin sodium 1000 unit/mL given to patient after reidentification and double check with RN Jessica,2,149425,2017-06-06 16:19:00,149425,2017-06-06 16:28:00,160064,2017-06-06 16:41:00,0x0000000074744AA7
010266,17,1,2080108,,2015-07-04 00:00:00,.,.,.,.,.,.,4,2080108,0,2,1936-01-04 11:29:00.000,"1/07/1354 ",SAU,2015-07-05 12:52:00,2019-08-01 15:32:00,168,0555333541,0555333541,0555333541,,unknown@unknown.com,2,0,," ",0,0,2015-07-05 12:52:00,0,0,2,0,,2015-07-05 12:52:00,0,0,0,0,0,2015-07-05 12:52:00,106,8219,RAGAD FOR BILING,0547715000,2,,0,1,2,16415,2015-07-04 02:25:00,220403,2019-07-26 20:49:00.000,0,,0x00000000C170DF76,1,1011399357,0,0,0,0,0,0,1,NULL,NULL,NULL,NULL,NULL,NULL,NULL,NULL,NULL,NULL,NULL,NULL,NULL,NULL,NULL,NULL,NULL,NULL,NULL,NULL,NULL,NULL,NULL,NULL,NULL,010266,17,1,2080108,1,1,12540595,53,150,0,0,0,0,36,0,83,0,20,0,69,164,0,0,0,0,0,0,,,,,0,47,1,0,0,142091,2017-08-30 13:45:00,142091,2017-08-30 13:45:00,0x000000007AF963D0,NULL,NULL,NULL,NULL,NULL,NULL,NULL,NULL,NULL,NULL,NULL,NULL,NULL,NULL,NULL,NULL,NULL,NULL,NULL,NULL,010266,17,16951560,2019-10-10 00:00:00,11/02/1441,1,2019-07-09 00:00:00,1,2080108,17,174058,2019-10-10 00:00:00,15:45:00,16:45:00,2,5,17,NULL,NULL,NULL,0,NULL,NULL,NULL,NULL,19792,NULL,214335,2019-07-09 15:36:00,NULL,NULL,NULL,NULL,NULL,NULL,NULL,NULL,NULL,NULL,NULL,0,NULL,NULL,214335,2019-07-09 15:36:00,0,0,0,0,0x00000000B8CE5E78,NULL,NULL,NULL,2019-07-09 15:35:50.810,NULL,NULL,NULL,NULL,NULL,NULL,NULL,NULL,NULL,NULL,NULL,NULL,NULL,NULL,NULL,NULL,NULL,NULL,NULL,NULL,NULL,NULL,NULL,NULL,NULL,NULL,NULL,NULL,NULL,NULL,NULL,NULL,NULL,NULL,NULL,NULL,NULL,NULL,NULL,NULL,NULL,NULL,NULL,NULL,0,NULL,010266,17,8,10922,1,2019-08-03,16:48,1,2080108,"time: 3:30 hours ,  ultrafiltration according to dry weight,  hibor 2500 IV bolus",noted after apatient re identifiction done,2,170710,2019-08-03 16:48:00,NULL,NULL,156501,2019-08-03 17:18:00,0x00000000BA77BA19
010266,17,1,1424125,,2014-01-22 00:00:00,.,.,.,.,.,.,4,1424125,0,1,1962-01-18 00:00:00.000,12/08/1381,SDN,2014-07-08 13:43:00,2019-04-15 11:18:00,97,0555333541,0555333541,0555333541,,unknown@unknown.com,5,0,," ",0,0,2014-07-08 13:43:00,0,0,2,0,,2014-07-08 13:43:00,0,0,0,0,0,2014-07-08 13:43:00,30,16145,SON,0543053466,0,,0,1,2,16164,2014-01-22 10:11:00,100147,2019-04-15 11:46:00.000,0,,0x00000000C166F889,2,2026041992,0,0,0,0,0,0,0,NULL,NULL,NULL,NULL,NULL,NULL,NULL,NULL,NULL,NULL,NULL,NULL,NULL,NULL,NULL,NULL,NULL,NULL,NULL,NULL,NULL,NULL,NULL,NULL,NULL,010266,15,1,1424125,3,1,6786270,75,175,0,0,0,0,37.7,4,118,2,24,3,94,190,1,1,3,97,NULL,0,,,,,NULL,47,0,2,15,6760,2015-01-22 12:22:00,6760,2015-01-22 12:22:00,0x0000000032084A92,NULL,NULL,NULL,NULL,NULL,NULL,NULL,NULL,NULL,NULL,NULL,NULL,NULL,NULL,NULL,NULL,NULL,NULL,NULL,NULL,010266,15,16672781,2019-05-21 00:00:00,16/09/1440,2,2019-05-21 00:00:00,1,1424125,50,100159,2019-05-21 00:00:00,07:20,07:25,2,3,4,43,NULL,NULL,0,NULL,NULL,NULL,NULL,0,NULL,196488,2019-05-21 07:21:00,196488,2019-05-21 07:21:00,100139,2019-05-21 08:27:00,NULL,NULL,NULL,NULL,NULL,NULL,NULL,1,2019-06-13 14:31:00,14251,196488,2019-05-21 07:21:00,1,0,0,0,0x00000000B75FCAB7,NULL,NULL,NULL,2019-05-21 07:20:35.017,NULL,NULL,NULL,NULL,NULL,NULL,NULL,NULL,NULL,NULL,NULL,NULL,NULL,NULL,NULL,NULL,NULL,NULL,NULL,NULL,NULL,NULL,NULL,NULL,NULL,NULL,NULL,NULL,NULL,NULL,NULL,NULL,NULL,NULL,NULL,NULL,NULL,NULL,NULL,NULL,NULL,NULL,NULL,NULL,0,NULL,010266,15,8,34329,1,2019-05-21,10:21,1,1424125,"Hemodialysis 4  hrs, Ultrafiltration according to dry weight, K 1, innohep 1000 un",Noted and carried out  Therapy time provided 3 hour 40 minutes due to patient started dialysis late .ACN.Laila is aware.,2,100159,2019-05-21 10:21:00,NULL,NULL,16296,2019-05-21 12:00:00,0x00000000B611CBAC
010266,17,1,1354371,,2013-10-23 00:00:00,.,.,.,.,.,.,5,1354371,0,2,1948-04-20 00:00:00.000,11/06/1367,SAU,2013-10-23 21:24:00,2018-04-04 13:33:00,36,0555333541,0555333541,0555333541,0561010491,unknown@unknown.com,6,0,4,1,0,0,2013-10-23 21:24:00,0,1,2,0,,2013-10-23 21:24:00,0,0,0,0,21019,2016-03-20 00:00:00,30,16145,DRIVER,0507064483,2,,0,1,2,90881,2013-10-23 21:24:00,196488,2019-07-02 11:51:00.000,0,Invalid Passport IDs updated as on: 16/05/15,0x00000000C165E701,1,1044479408,15,0,0,0,0,0,0,NULL,NULL,NULL,NULL,NULL,NULL,NULL,NULL,NULL,NULL,NULL,NULL,NULL,NULL,NULL,NULL,NULL,NULL,NULL,NULL,NULL,NULL,NULL,NULL,NULL,010266,15,1,1354371,100,1,5904170,48.35,157.5,0,0,0,0,36.5,4,71,2,18,3,91,185,1,3,3,99,NULL,0,,,,,NULL,47,0,3,15,7238,2014-08-06 03:17:00,7238,2014-08-06 03:17:00,0x000000002761E773,NULL,NULL,NULL,NULL,NULL,NULL,NULL,NULL,NULL,NULL,NULL,NULL,NULL,NULL,NULL,NULL,NULL,NULL,NULL,NULL,010266,15,2016067351,2024-04-28 00:00:00," 7/07/1441",4,2024-04-28 00:00:00,1,1354371,1,420,NULL,15:07,15:12,2,6,10,43,3:07:46,NULL,0,NULL,NULL,NULL,Walk in Appointment for Inpatient Initial Assessment,0,NULL,2804,2024-04-28 15:08:00,2804,2024-04-28 15:08:00,2804,2024-04-28 15:08:00,NULL,NULL,NULL,NULL,NULL,NULL,NULL,0,NULL,NULL,NULL,NULL,0,0,0,0,0x00000000C5C4B29D,NULL,NULL,NULL,2024-04-28 15:07:47.000,NULL,NULL,NULL,NULL,NULL,NULL,NULL,NULL,NULL,NULL,NULL,NULL,NULL,NULL,NULL,NULL,NULL,NULL,NULL,0,NULL,0,0,NULL,NULL,NULL,NULL,0,NULL,NULL,NULL,NULL,NULL,NULL,NULL,NULL,NULL,NULL,NULL,NULL,NULL,NULL,NULL,NULL,0,NULL,010266,15,8,35551,1,2019-08-01,14:57,1,1354371,"Hemodialysis session: 4 hrs, Ultrafiltration according to weight gain, K 2, heparin free",Noted and done after patient reidentification done.,2,100159,2019-08-01 14:57:00,NULL,NULL,173682,2019-08-01 19:05:00,0x00000000BA659995
010266,17,1,1144414,,2012-12-25 00:00:00,.,.,.,.,.,.,4,1144414,0,2,1969-12-25 00:00:00.000,16/10/1389,EGY,2012-12-25 01:38:00,2017-06-28 14:10:00,61,0555333541,0555333541,0555333541,,unknown@unknown.com,5,0,1,2,1,13455,2013-03-03 11:41:00,0,1,2,0,,2012-12-25 01:38:00,0,0,0,0,0,2012-12-25 01:38:00,14,11270,KALAD,0544265053,2,,0,1,2,11311,2012-12-25 01:37:00,160305,2017-06-14 10:28:00.000,0,,0x00000000C162AFA5,2,2133830253,0,0,0,0,0,0,NULL,NULL,NULL,NULL,NULL,NULL,NULL,NULL,NULL,NULL,NULL,NULL,NULL,NULL,NULL,NULL,NULL,NULL,NULL,NULL,NULL,NULL,NULL,NULL,NULL,NULL,010266,17,1,1144414,43,1,11876796,1,1,10000,0,-147,-92,39.3,4,78,1,23,3,60,120,2,3,3,90,0,5,NULL,NULL,NULL,NULL,1,47,1,0,NULL,139242,2017-05-04 01:39:00,139242,2017-05-04 01:39:00,0x0000000071AB108C,NULL,NULL,NULL,NULL,NULL,NULL,NULL,NULL,NULL,NULL,NULL,NULL,NULL,NULL,NULL,NULL,NULL,NULL,NULL,NULL,010266,17,12177428,2017-06-28 00:00:00,04/10/1438,1,2017-06-27 00:00:00,1,1144414,50,134050,2017-06-28 00:00:00,13:30:00,13:45:00,2,3,10,43,NULL,NULL,0,NULL,NULL,NULL,NULL,28157,NULL,170808,2017-06-27 14:16:00,170808,2017-06-27 14:16:00,170808,2017-06-28 14:10:00,NULL,NULL,NULL,NULL,NULL,NULL,NULL,1,2017-06-28 20:30:00,144502,170808,2017-06-27 14:16:00,0,0,0,0,0x0000000075EF0D8E,NULL,NULL,NULL,2017-06-27 14:16:07.320,NULL,NULL,NULL,NULL,NULL,NULL,NULL,NULL,NULL,NULL,NULL,NULL,NULL,NULL,NULL,NULL,NULL,NULL,NULL,NULL,NULL,NULL,NULL,NULL,NULL,NULL,NULL,NULL,NULL,NULL,NULL,NULL,NULL,NULL,NULL,NULL,NULL,NULL,NULL,NULL,NULL,NULL,NULL,NULL,0,NULL,010266,17,8,1560,8,2017-06-28,16:39,1,1144414,send patient home,Carried out: * Discharged patient from the unit after re identification at 0130 H * Patient left the unit per wheelchair accompanied by her son in stable condition.,2,140407,2017-06-28 16:39:00,NULL,NULL,154241,2017-06-28 18:43:00,0x0000000075EE141D
010266,17,1,50172351,,2011-12-20 00:00:00,.,.,.,.,.,.,3,50172351,0,1,1967-12-20 14:43:00.000,19/09/1387,SAU,2011-12-20 14:44:00,2018-06-25 17:17:00,19,0555333541,0555333541,0555333541,,unknown@unknown.com,5,0,," ",0,0,2017-07-11 22:14:00,0,1,2,0,,2017-07-11 22:14:00,0,0,0,0,0,2017-07-11 22:14:00,10,9802,NAWAL,0504105519,0,,0,1,2,9901,2011-12-20 14:43:00,132078,2018-07-09 16:58:00.000,0,,0x00000000C183E368,1,1057352328,0,0,0,0,0,0,NULL,NULL,NULL,NULL,NULL,NULL,NULL,NULL,NULL,NULL,NULL,NULL,NULL,NULL,NULL,NULL,NULL,NULL,NULL,NULL,NULL,NULL,NULL,NULL,NULL,NULL,010266,17,1,50172351,5,1,12291079,100,167,0,0,0,0,36.9,4,86,2,20,3,83,190,3,3,3,99,0,0,,,,,0,47,1,0,0,145653,2017-07-18 17:59:00,145653,2017-07-18 17:59:00,0x000000007768341A,NULL,NULL,NULL,NULL,NULL,NULL,NULL,NULL,NULL,NULL,NULL,NULL,NULL,NULL,NULL,NULL,NULL,NULL,NULL,NULL,010266,17,14516303,2018-07-02 00:00:00,18/10/1439,2,2018-07-02 00:00:00,1,50172351,8,163154,2018-07-02 00:00:00,17:16,17:21,2,3,10,43,NULL,NULL,0,NULL,NULL,NULL,NULL,0,NULL,164133,2018-07-02 17:16:00,164133,2018-07-02 17:16:00,164133,2018-07-02 17:16:00,NULL,NULL,NULL,NULL,NULL,NULL,NULL,0,NULL,NULL,164133,2018-07-02 17:16:00,1,0,0,0,0x000000008F240764,NULL,NULL,NULL,2018-07-02 17:16:11.120,NULL,NULL,NULL,NULL,NULL,NULL,NULL,NULL,NULL,NULL,NULL,NULL,NULL,NULL,NULL,NULL,NULL,NULL,NULL,NULL,NULL,NULL,NULL,NULL,NULL,NULL,NULL,NULL,NULL,NULL,NULL,NULL,NULL,NULL,NULL,NULL,NULL,NULL,NULL,NULL,NULL,NULL,NULL,NULL,0,NULL,010266,17,8,1806,2,2017-08-07,16:23,1,50172351,send patient home,"1620H - Discharged in good condition, vitally stable and no complaints. Left the unit ambulatory with his son. ",2,140407,2017-08-07 16:23:00,NULL,NULL,142094,2017-08-07 16:39:00,0x0000000078F9011D
010266,17,1,50087049,,2011-02-20 00:00:00,.,.,.,.,.,.,3,50087049,0,1,1981-02-20 00:00:00.000,16/04/1401,SAU,2011-02-20 17:16:00,2018-08-12 14:50:00,44,0555333541,0555333541,0555333541,0,unknown@unknown.com,5,0,," ",0,0,2016-02-03 18:01:00,0,1,2,0,,2016-02-03 18:01:00,0,0,0,0,0,2016-02-03 18:01:00,10,6985,OMAR ALMUHAIDIEB,0553335589,2,,0,1,2,8790,2011-02-20 17:10:00,160127,2019-05-16 15:25:00.000,0,,0x00000000C18294E8,1,1010861340,0,0,0,0,0,0,1,NULL,NULL,NULL,NULL,NULL,NULL,NULL,NULL,NULL,NULL,NULL,NULL,NULL,NULL,NULL,NULL,NULL,NULL,NULL,NULL,NULL,NULL,NULL,NULL,NULL,010266,15,1,50087049,105,1,13893901,76.4,160,0,0,0,0,37.3,4,117,4,19,3,76,133,1,1,1,98,0,0,na,na,na,na,0,47,0,0,0,105935,2018-03-23 14:56:00,105935,2018-03-23 14:56:00,0x0000000089B3EAAC,NULL,NULL,NULL,NULL,NULL,NULL,NULL,NULL,NULL,NULL,NULL,NULL,NULL,NULL,NULL,NULL,NULL,NULL,NULL,NULL,010266,15,16636216,2019-05-16 00:00:00,NULL,1,2019-05-15 00:00:00,1,50087049,14,16104,1900-01-01 00:00:00,15:00:00,15:15:00,2,1,1,43,NULL,NULL,0,NULL,NULL,NULL,NULL,0,NULL,102,2019-05-15 00:34:00,111,2019-05-15 23:45:00,160127,2019-05-16 14:39:00,NULL,NULL,NULL,NULL,NULL,NULL,NULL,0,NULL,NULL,NULL,NULL,1,0,0,0,0x00000000B5BC9C34,NULL,NULL,NULL,2019-05-15 00:33:55.143,NULL,NULL,NULL,NULL,NULL,NULL,NULL,NULL,NULL,NULL,NULL,NULL,NULL,NULL,NULL,NULL,NULL,NULL,NULL,NULL,NULL,NULL,NULL,NULL,NULL,NULL,NULL,NULL,NULL,NULL,NULL,NULL,NULL,NULL,NULL,NULL,NULL,NULL,NULL,NULL,NULL,NULL,NULL,NULL,0,NULL,010266,15,8,31763,1,2018-12-31,14:44,1,50087049,"HD session 3:30 h, K=2 ,UF based on 77 , heparin2500",Noted and carried out,2,170713,2018-12-31 14:44:00,NULL,NULL,16296,2019-01-01 17:21:00,0x00000000ACFBA460
